"molecule","method","candidate","baseline_status","candidate_status","baseline_iterations","candidate_iterations","baseline_energy_ry","candidate_energy_ry","energy_difference_ry","baseline_initial_eigensolver_seconds","candidate_initial_eigensolver_seconds","baseline_diagonalization_seconds","candidate_diagonalization_seconds","baseline_solver_wall_seconds","candidate_solver_wall_seconds","candidate_process_wall_seconds","returncode"
"C10H8","charge3net","chebdav-15","converged","converged","17","8","-123.45957909","-123.45959419","-1.5099999998824387e-05","0.61901","2.433397","3.034019","3.372694","9.84","6.53","7.156022","0"
"C10H8","sad","chebdav-15","converged","converged","17","13","-123.45958054","-123.45959741","-1.686999999606087e-05","0.718369","2.320072","3.294669","3.819167","11.87","9.92","10.567072","0"
"C10H8","scdp","chebdav-15","converged","converged","23","10","-123.45959752","-123.45959742","1.000000082740371e-07","0.645598","2.436212","4.007919","3.633902","13.1","7.21","7.827344","0"
"C2H2","charge3net","chebdav-15","converged","converged","22","10","-24.998885","-24.99888503","-2.999999892949745e-08","0.426491","0.989723","2.43984","1.501504","7.92","3.76","4.367023","0"
"C2H2","sad","chebdav-15","converged","converged","24","13","-24.99888505","-24.99888503","1.999999810209374e-08","0.350403","1.05481","2.303246","1.723893","7.5","5.54","6.176047","0"
"C2H2","scdp","chebdav-15","converged","converged","24","8","-24.99888504","-24.99888486","1.8000000068241206e-07","0.377113","0.960633","2.429343","1.366794","8.07","3.47","4.077201","0"
"C2H4","charge3net","chebdav-15","converged","converged","17","8","-27.48030643","-27.48030762","-1.1900000025377722e-06","0.446313","0.956973","1.952506","1.351018","7.04","3.41","4.039734","0"
"C2H4","sad","chebdav-15","converged","converged","17","13","-27.48030668","-27.48030783","-1.1499999992281573e-06","0.38511","0.937086","1.833988","1.614033","6.65","5.53","6.132517","0"
"C2H4","scdp","chebdav-15","converged","converged","17","9","-27.48030593","-27.48030775","-1.8200000013735007e-06","0.497479","0.953896","2.111867","1.409681","6.96","3.61","4.207320","0"
"C2H6","charge3net","chebdav-15","converged","converged","24","13","-29.93817551","-29.9381758","-2.8999999912571184e-07","0.376195","1.262589","1.482912","2.003743","7.97","5.19","5.806665","0"
"C2H6","sad","chebdav-15","converged","converged","16","16","-29.93813154","-29.93817577","-4.423000000031152e-05","0.352725","1.163941","1.135793","2.084528","6.23","6.54","7.150910","0"
"C2H6","scdp","chebdav-15","converged","converged","23","15","-29.93817525","-29.93817582","-5.700000009767336e-07","0.362413","1.254683","1.539405","2.124072","8.73","6.31","6.921638","0"
"C3H8O","charge3net","chebdav-15","converged","converged","25","18","-75.71692303","-75.71692335","-3.199999980552093e-07","0.315542","2.030721","1.358294","2.673235","14.69","11.59","12.204825","0"
"C3H8O","sad","chebdav-15","converged","converged","24","13","-75.71692251","-75.71692286","-3.4999999343199306e-07","0.368422","2.145802","1.400439","2.613299","15.2","11.67","12.295217","0"
"C3H8O","scdp","chebdav-15","converged","converged","19","14","-75.71691219","-75.71692331","-1.1119999996367369e-05","0.377759","2.149028","1.114243","2.634471","12.16","9.97","10.582656","0"
"C6H6","charge3net","chebdav-15","converged","converged","21","11","-75.48733474","-75.48733532","-5.80000005356851e-07","0.574162","2.497908","3.196258","3.585429","10.96","7.29","7.881195","0"
"C6H6","sad","chebdav-15","converged","converged","22","14","-75.48733464","-75.48733538","-7.400000043844557e-07","0.509873","2.37377","3.539786","3.8036","12.18","9.98","10.577952","0"
"C6H6","scdp","chebdav-15","converged","converged","22","10","-75.48733508","-75.4873352","-1.2000000992884452e-07","0.531533","2.503929","3.32273","3.475442","11.93","6.95","7.552729","0"
"CH3CH2CH2OH","charge3net","chebdav-15","converged","converged","25","18","-75.71927673","-75.71927703","-2.9999999640040187e-07","0.312371","2.173196","1.396167","2.808383","13.91","11.15","11.775518","0"
"CH3CH2CH2OH","sad","chebdav-15","converged","converged","25","19","-75.71927678","-75.71927701","-2.2999999771400326e-07","0.364323","2.034694","1.406615","2.727226","14.95","13.53","14.150439","0"
"CH3CH2CH2OH","scdp","chebdav-15","converged","converged","27","14","-75.7192769","-75.71927701","-1.1000000199601345e-07","0.359039","2.091325","1.504092","2.582282","15.55","9.51","10.122976","0"
"CH3CH2OCH3","charge3net","chebdav-15","converged","converged","30","19","-75.68313349","-75.68313351","-2.000000165480742e-08","0.370115","2.29051","1.668022","2.967738","17.58","11.69","12.303300","0"
"CH3CH2OCH3","sad","chebdav-15","converged","converged","22","12","-75.68313172","-75.68313263","-9.099999971340367e-07","0.311029","2.114876","1.187272","2.531582","13.17","10.35","10.978435","0"
"CH3CH2OCH3","scdp","chebdav-15","converged","converged","24","13","-75.6831329","-75.68313338","-4.799999970828139e-07","0.374675","2.089184","1.351552","2.54542","14.38","9.61","10.223833","0"
"CH3CH2OH","charge3net","chebdav-15","converged","converged","24","17","-61.89157863","-61.89157919","-5.600000037020436e-07","0.343867","1.170353","1.862094","2.14159","8.16","6.02","6.618309","0"
"CH3CH2OH","sad","chebdav-15","converged","converged","21","15","-61.89157615","-61.8915792","-3.050000003668174e-06","0.338189","1.057022","1.694883","1.920703","7.59","6.57","7.176576","0"
"CH3CH2OH","scdp","chebdav-15","converged","converged","24","12","-61.89157862","-61.89157921","-5.900000061842547e-07","0.334109","1.113119","1.855412","1.786774","8.32","5.49","6.097362","0"
"CH3CHOHCH3","charge3net","chebdav-15","converged","converged","24","20","-75.69383064","-75.69383164","-9.999999974752427e-07","0.404199","2.012475","3.507177","4.316706","19.82","18.59","19.234094","0"
"CH3CHOHCH3","sad","chebdav-15","converged","converged","24","19","-75.69383071","-75.69383163","-9.200000050668677e-07","0.488023","2.246732","3.556157","4.659637","19.28","18.02","18.636022","0"
"CH3CHOHCH3","scdp","chebdav-15","converged","converged","24","19","-75.69383061","-75.69383163","-1.0199999991300501e-06","0.400796","2.357259","3.497191","4.512519","19.15","17.77","18.398170","0"
"CH3CN","charge3net","chebdav-15","converged","converged","24","12","-46.21622696","-46.21622717","-2.100000031646232e-07","0.347237","1.090658","1.876591","1.580529","8.28","5.32","5.932604","0"
"CH3CN","sad","chebdav-15","converged","converged","20","16","-46.21622469","-46.21622721","-2.5200000024483415e-06","0.334165","1.231973","1.604464","2.167073","7.31","6.91","7.536094","0"
"CH3CN","scdp","chebdav-15","converged","converged","25","12","-46.21622707","-46.21622717","-1.0000000116860974e-07","0.34386","1.102576","1.942553","1.584465","8.54","5.35","5.967606","0"
"CH4","charge3net","chebdav-15","converged","converged","17","9","-16.16944446","-16.16944903","-4.569999997983132e-06","0.341987","1.499376","1.301699","1.992919","6.62","4.66","5.291206","0"
"CH4","sad","chebdav-15","converged","converged","22","18","-16.16944909","-16.16944914","-5.000000058430487e-08","0.337412","1.411143","1.627686","2.468631","7.72","9.28","9.930429","0"
"CH4","scdp","chebdav-15","converged","converged","18","12","-16.16944694","-16.16944915","-2.2099999981151086e-06","0.344082","1.468391","1.3663","2.125465","7.12","5.22","5.845242","0"
"CO2","charge3net","chebdav-15","converged","converged","17","11","-75.11394157","-75.11394183","-2.6000000730164174e-07","0.358665","0.924039","1.680081","1.473981","6.65","3.87","4.464134","0"
"CO2","sad","chebdav-15","converged","converged","20","10","-75.11394185","-75.11394186","-9.999993721976352e-09","0.334905","0.961132","1.84164","1.456937","6.52","5.05","5.696925","0"
"CO2","scdp","chebdav-15","converged","converged","21","12","-75.11394188","-75.11394185","2.999999537678377e-08","0.340411","0.919922","1.904502","1.532277","7.09","4.03","4.659198","0"
"H2O","charge3net","chebdav-15","converged","converged","24","13","-34.32030364","-34.32030377","-1.3000000365082087e-07","0.356559","1.45587","1.66839","2.132422","7.93","5.52","6.133960","0"
"H2O","sad","chebdav-15","converged","converged","22","13","-34.32030326","-34.32030374","-4.799999970828139e-07","0.351623","1.453951","1.540105","2.104775","7.36","5.83","6.445627","0"
"H2O","scdp","chebdav-15","converged","converged","24","12","-34.32030368","-34.32030374","-5.99999978589949e-08","0.350948","1.412476","1.621783","2.007087","7.85","4.75","5.355669","0"
